epoch,accuracy,fscore,loss,val_accuracy,val_fscore,val_loss
0,0.6384048461914062,0.0,0.47177088260650635,0.8395423889160156,0.0,0.5799844861030579
1,0.8255577087402344,0.0,0.36140671372413635,0.8395423889160156,0.0,0.5785894393920898
2,0.8736457824707031,0.0,0.3175291419029236,0.8395423889160156,0.0,0.5771997570991516
3,0.8969535827636719,0.0,0.29576021432876587,0.8395423889160156,0.0,0.5758904814720154
4,0.9195899963378906,0.0,0.2693897485733032,0.8395423889160156,0.0,0.5747848153114319
5,0.9135551452636719,0.0,0.2632344365119934,0.8395423889160156,0.0,0.5726653933525085
6,0.9298057556152344,0.0,0.23636338114738464,0.8395423889160156,0.0,0.5710019469261169
7,0.9299240112304688,0.0,0.22455832362174988,0.8395423889160156,0.0,0.5697052478790283
8,0.9577980041503906,0.0,0.2076312005519867,0.8395423889160156,0.0,0.5683513283729553
